<?xml version="1.0"?>
<!--<!DOCTYPE metadata SYSTEM "http://www.esri.com/metadata/esriprof80.dtd">-->
<metadata xml:lang="en"><Esri><CreaDate>20110228</CreaDate><CreaTime>14430000</CreaTime><SyncOnce>FALSE</SyncOnce><SyncDate>20110225</SyncDate><SyncTime>14392900</SyncTime><ModDate>20110225</ModDate><ModTime>14392900</ModTime><DataProperties><lineage><Process ToolSource="D:\Program Files\ArcGIS\ArcToolbox\Toolboxes\Data Management Tools.tbx\Merge" Date="20110225" Time="141610">Merge North_nat_park_polyline;South_nat_park_polyline D:\Services\ShareGeoOpen\StratergyDataRips\NationalParks_polyline.shp "CODE 'CODE' true true false 6 Long 0 6 ,First,#,North_nat_park_polyline,CODE,-1,-1,South_nat_park_polyline,CODE,-1,-1;LEGEND 'LEGEND' true true false 42 Text 0 0 ,First,#,North_nat_park_polyline,LEGEND,-1,-1,South_nat_park_polyline,LEGEND,-1,-1;FILE_NAME 'FILE_NAME' true true false 16 Text 0 0 ,First,#,North_nat_park_polyline,FILE_NAME,-1,-1,South_nat_park_polyline,FILE_NAME,-1,-1;NUMBER 'NUMBER' true true false 11 Double 0 11 ,First,#,North_nat_park_polyline,NUMBER,-1,-1,South_nat_park_polyline,NUMBER,-1,-1;NAME 'NAME' true true false 180 Text 0 0 ,First,#,North_nat_park_polyline,NAME,-1,-1,South_nat_park_polyline,NAME,-1,-1;NUMBER0 'NUMBER0' true true false 64 Text 0 0 ,First,#,North_nat_park_polyline,NUMBER0,-1,-1,South_nat_park_polyline,NUMBER0,-1,-1;ADMIN_NAME 'ADMIN_NAME' true true false 50 Text 0 0 ,First,#,North_nat_park_polyline,ADMIN_NAME,-1,-1,South_nat_park_polyline,ADMIN_NAME,-1,-1;TYPE 'TYPE' true true false 40 Text 0 0 ,First,#,North_nat_park_polyline,TYPE,-1,-1,South_nat_park_polyline,TYPE,-1,-1;FERRY_FROM 'FERRY_FROM' true true false 50 Text 0 0 ,First,#,North_nat_park_polyline,FERRY_FROM,-1,-1,South_nat_park_polyline,FERRY_FROM,-1,-1;FERRY_TO 'FERRY_TO' true true false 50 Text 0 0 ,First,#,North_nat_park_polyline,FERRY_TO,-1,-1,South_nat_park_polyline,FERRY_TO,-1,-1;FERRY_TIME 'FERRY_TIME' true true false 10 Text 0 0 ,First,#,North_nat_park_polyline,FERRY_TIME,-1,-1,South_nat_park_polyline,FERRY_TIME,-1,-1;FERRY_TYPE 'FERRY_TYPE' true true false 20 Text 0 0 ,First,#,North_nat_park_polyline,FERRY_TYPE,-1,-1,South_nat_park_polyline,FERRY_TYPE,-1,-1;RESTRICTIO 'RESTRICTIO' true true false 20 Text 0 0 ,First,#,North_nat_park_polyline,RESTRICTIO,-1,-1,South_nat_park_polyline,RESTRICTIO,-1,-1;ACCESS 'ACCESS' true true false 30 Text 0 0 ,First,#,North_nat_park_polyline,ACCESS,-1,-1,South_nat_park_polyline,ACCESS,-1,-1;AMENDED 'AMENDED' true true false 8 Date 0 0 ,First,#,North_nat_park_polyline,AMENDED,-1,-1,South_nat_park_polyline,AMENDED,-1,-1;USAGE 'USAGE' true true false 64 Text 0 0 ,First,#,North_nat_park_polyline,USAGE,-1,-1,South_nat_park_polyline,USAGE,-1,-1;LOCATION 'LOCATION' true true false 30 Text 0 0 ,First,#,North_nat_park_polyline,LOCATION,-1,-1,South_nat_park_polyline,LOCATION,-1,-1;GIS 'GIS' true true false 80 Text 0 0 ,First,#,North_nat_park_polyline,GIS,-1,-1,South_nat_park_polyline,GIS,-1,-1;OWNER 'OWNER' true true false 60 Text 0 0 ,First,#,North_nat_park_polyline,OWNER,-1,-1,South_nat_park_polyline,OWNER,-1,-1;NORTH 'NORTH' true true false 60 Text 0 0 ,First,#,North_nat_park_polyline,NORTH,-1,-1,South_nat_park_polyline,NORTH,-1,-1;SOUTH 'SOUTH' true true false 60 Text 0 0 ,First,#,North_nat_park_polyline,SOUTH,-1,-1,South_nat_park_polyline,SOUTH,-1,-1;EAST 'EAST' true true false 60 Text 0 0 ,First,#,North_nat_park_polyline,EAST,-1,-1,South_nat_park_polyline,EAST,-1,-1;WEST 'WEST' true true false 60 Text 0 0 ,First,#,North_nat_park_polyline,WEST,-1,-1,South_nat_park_polyline,WEST,-1,-1;CLOCKWISE 'CLOCKWISE' true true false 60 Text 0 0 ,First,#,North_nat_park_polyline,CLOCKWISE,-1,-1,South_nat_park_polyline,CLOCKWISE,-1,-1;ANTICLOCKW 'ANTICLOCKW' true true false 60 Text 0 0 ,First,#,North_nat_park_polyline,ANTICLOCKW,-1,-1,South_nat_park_polyline,ANTICLOCKW,-1,-1;IMPERIAL 'IMPERIAL' true true false 6 Long 0 6 ,First,#,North_nat_park_polyline,IMPERIAL,-1,-1,South_nat_park_polyline,IMPERIAL,-1,-1;METRIC 'METRIC' true true false 6 Long 0 6 ,First,#,North_nat_park_polyline,METRIC,-1,-1,South_nat_park_polyline,METRIC,-1,-1"</Process><Process ToolSource="D:\Program Files\ArcGIS\ArcToolbox\Toolboxes\Data Management Tools.tbx\FeatureToPolygon" Date="20110225" Time="143044">FeatureToPolygon NationalParks_polyline D:\Services\ShareGeoOpen\StratergyDataRips\NationalParks_polygon.shp # ATTRIBUTES #</Process><Process ToolSource="D:\Program Files\ArcGIS\ArcToolbox\Toolboxes\Analysis Tools.tbx\SpatialJoin" Date="20110225" Time="143929">SpatialJoin NationalParks_polygon NationalParks_fon_point D:\Services\ShareGeoOpen\StratergyDataRips\NationalParks_polygon_Spatia.shp JOIN_ONE_TO_ONE KEEP_ALL "Id 'Id' true true false 6 Long 0 6 ,First,#,D:\Services\ShareGeoOpen\StratergyDataRips\NationalParks_polygon.shp,Id,-1,-1;CODE 'CODE' true true false 6 Long 0 6 ,First,#,D:\Services\ShareGeoOpen\StratergyDataRips\NationalParks_fon_point.shp,CODE,-1,-1;LEGEND 'LEGEND' true true false 42 Text 0 0 ,First,#,D:\Services\ShareGeoOpen\StratergyDataRips\NationalParks_fon_point.shp,LEGEND,-1,-1;FILE_NAME 'FILE_NAME' true true false 16 Text 0 0 ,First,#,D:\Services\ShareGeoOpen\StratergyDataRips\NationalParks_fon_point.shp,FILE_NAME,-1,-1;NUMBER 'NUMBER' true true false 11 Double 0 11 ,First,#,D:\Services\ShareGeoOpen\StratergyDataRips\NationalParks_fon_point.shp,NUMBER,-1,-1;NAME 'NAME' true true false 180 Text 0 0 ,First,#,D:\Services\ShareGeoOpen\StratergyDataRips\NationalParks_fon_point.shp,NAME,-1,-1;NUMBER0 'NUMBER0' true true false 64 Text 0 0 ,First,#,D:\Services\ShareGeoOpen\StratergyDataRips\NationalParks_fon_point.shp,NUMBER0,-1,-1;ADMIN_NAME 'ADMIN_NAME' true true false 50 Text 0 0 ,First,#,D:\Services\ShareGeoOpen\StratergyDataRips\NationalParks_fon_point.shp,ADMIN_NAME,-1,-1;TYPE 'TYPE' true true false 40 Text 0 0 ,First,#,D:\Services\ShareGeoOpen\StratergyDataRips\NationalParks_fon_point.shp,TYPE,-1,-1;FERRY_FROM 'FERRY_FROM' true true false 50 Text 0 0 ,First,#,D:\Services\ShareGeoOpen\StratergyDataRips\NationalParks_fon_point.shp,FERRY_FROM,-1,-1;FERRY_TO 'FERRY_TO' true true false 50 Text 0 0 ,First,#,D:\Services\ShareGeoOpen\StratergyDataRips\NationalParks_fon_point.shp,FERRY_TO,-1,-1;FERRY_TIME 'FERRY_TIME' true true false 10 Text 0 0 ,First,#,D:\Services\ShareGeoOpen\StratergyDataRips\NationalParks_fon_point.shp,FERRY_TIME,-1,-1;FERRY_TYPE 'FERRY_TYPE' true true false 20 Text 0 0 ,First,#,D:\Services\ShareGeoOpen\StratergyDataRips\NationalParks_fon_point.shp,FERRY_TYPE,-1,-1;RESTRICTIO 'RESTRICTIO' true true false 20 Text 0 0 ,First,#,D:\Services\ShareGeoOpen\StratergyDataRips\NationalParks_fon_point.shp,RESTRICTIO,-1,-1;ACCESS 'ACCESS' true true false 30 Text 0 0 ,First,#,D:\Services\ShareGeoOpen\StratergyDataRips\NationalParks_fon_point.shp,ACCESS,-1,-1;AMENDED 'AMENDED' true true false 8 Date 0 0 ,First,#,D:\Services\ShareGeoOpen\StratergyDataRips\NationalParks_fon_point.shp,AMENDED,-1,-1;USAGE 'USAGE' true true false 64 Text 0 0 ,First,#,D:\Services\ShareGeoOpen\StratergyDataRips\NationalParks_fon_point.shp,USAGE,-1,-1;LOCATION 'LOCATION' true true false 30 Text 0 0 ,First,#,D:\Services\ShareGeoOpen\StratergyDataRips\NationalParks_fon_point.shp,LOCATION,-1,-1;GIS 'GIS' true true false 80 Text 0 0 ,First,#,D:\Services\ShareGeoOpen\StratergyDataRips\NationalParks_fon_point.shp,GIS,-1,-1;OWNER 'OWNER' true true false 60 Text 0 0 ,First,#,D:\Services\ShareGeoOpen\StratergyDataRips\NationalParks_fon_point.shp,OWNER,-1,-1;NORTH 'NORTH' true true false 60 Text 0 0 ,First,#,D:\Services\ShareGeoOpen\StratergyDataRips\NationalParks_fon_point.shp,NORTH,-1,-1;SOUTH 'SOUTH' true true false 60 Text 0 0 ,First,#,D:\Services\ShareGeoOpen\StratergyDataRips\NationalParks_fon_point.shp,SOUTH,-1,-1;EAST 'EAST' true true false 60 Text 0 0 ,First,#,D:\Services\ShareGeoOpen\StratergyDataRips\NationalParks_fon_point.shp,EAST,-1,-1;WEST 'WEST' true true false 60 Text 0 0 ,First,#,D:\Services\ShareGeoOpen\StratergyDataRips\NationalParks_fon_point.shp,WEST,-1,-1;CLOCKWISE 'CLOCKWISE' true true false 60 Text 0 0 ,First,#,D:\Services\ShareGeoOpen\StratergyDataRips\NationalParks_fon_point.shp,CLOCKWISE,-1,-1;ANTICLOCKW 'ANTICLOCKW' true true false 60 Text 0 0 ,First,#,D:\Services\ShareGeoOpen\StratergyDataRips\NationalParks_fon_point.shp,ANTICLOCKW,-1,-1;IMPERIAL 'IMPERIAL' true true false 6 Long 0 6 ,First,#,D:\Services\ShareGeoOpen\StratergyDataRips\NationalParks_fon_point.shp,IMPERIAL,-1,-1;METRIC 'METRIC' true true false 6 Long 0 6 ,First,#,D:\Services\ShareGeoOpen\StratergyDataRips\NationalParks_fon_point.shp,METRIC,-1,-1" CONTAINS "0 Unknown" #</Process><Process ToolSource="D:\Program Files\ArcGIS\ArcToolbox\Toolboxes\Data Management Tools.tbx\DefineProjection" Date="20110302" Time="121718">DefineProjection UK_NationalPark PROJCS['British_National_Grid',GEOGCS['GCS_OSGB_1936',DATUM['D_OSGB_1936',SPHEROID['Airy_1830',6377563.396,299.3249646]],PRIMEM['Greenwich',0.0],UNIT['Degree',0.0174532925199433]],PROJECTION['Transverse_Mercator'],PARAMETER['False_Easting',400000.0],PARAMETER['False_Northing',-100000.0],PARAMETER['Central_Meridian',-2.0],PARAMETER['Scale_Factor',0.9996012717],PARAMETER['Latitude_Of_Origin',49.0],UNIT['Meter',1.0]] UK_NationalPark</Process></lineage></DataProperties><MetaID>{A36CF8DC-7C63-4DF8-B9F6-F927BE1AE323}</MetaID></Esri><idinfo><native Sync="TRUE">Microsoft Windows Vista Version 6.1 (Build 7600) ; ESRI ArcCatalog 9.3.1.4000</native><descript><langdata Sync="TRUE">en</langdata><abstract>REQUIRED: A brief narrative summary of the data set.</abstract><purpose>REQUIRED: A summary of the intentions with which the data set was developed.</purpose></descript><citation><citeinfo><origin>REQUIRED: The name of an organization or individual that developed the data set.</origin><pubdate>REQUIRED: The date when the data set is published or otherwise made available for release.</pubdate><title Sync="TRUE">NationalParks_polygon_Spatia</title><ftname Sync="TRUE">NationalParks_polygon_Spatia</ftname><geoform Sync="TRUE">vector digital data</geoform><onlink Sync="TRUE"></onlink></citeinfo></citation><timeperd><current>REQUIRED: The basis on which the time period of content information is determined.</current><timeinfo><sngdate><caldate>REQUIRED: The year (and optionally month, or month and day) for which the data set corresponds to the ground.</caldate></sngdate></timeinfo></timeperd><status><progress>REQUIRED: The state of the data set.</progress><update>REQUIRED: The frequency with which changes and additions are made to the data set after the initial data set is completed.</update></status><spdom><bounding><westbc Sync="TRUE">REQUIRED: Western-most coordinate of the limit of coverage expressed in longitude.</westbc><eastbc Sync="TRUE">REQUIRED: Eastern-most coordinate of the limit of coverage expressed in longitude.</eastbc><northbc Sync="TRUE">REQUIRED: Northern-most coordinate of the limit of coverage expressed in latitude.</northbc><southbc Sync="TRUE">REQUIRED: Southern-most coordinate of the limit of coverage expressed in latitude.</southbc></bounding></spdom><keywords><theme><themekt>REQUIRED: Reference to a formally registered thesaurus or a similar authoritative source of theme keywords.</themekt><themekey>REQUIRED: Common-use word or phrase used to describe the subject of the data set.</themekey></theme></keywords><accconst>REQUIRED: Restrictions and legal prerequisites for accessing the data set.</accconst><useconst>REQUIRED: Restrictions and legal prerequisites for using the data set after access is granted.</useconst><natvform Sync="TRUE">Shapefile</natvform></idinfo><dataIdInfo><envirDesc Sync="TRUE">Microsoft Windows Vista Version 6.1 (Build 7600) ; ESRI ArcCatalog 9.3.1.4000</envirDesc><dataLang><languageCode Sync="TRUE" value="en"></languageCode></dataLang><idCitation><resTitle Sync="TRUE">NationalParks_polygon_Spatia</resTitle><presForm><PresFormCd Sync="TRUE" value="005"></PresFormCd></presForm></idCitation><spatRpType><SpatRepTypCd Sync="TRUE" value="001"></SpatRepTypCd></spatRpType></dataIdInfo><metainfo><langmeta Sync="TRUE">en</langmeta><metstdn Sync="TRUE">FGDC Content Standards for Digital Geospatial Metadata</metstdn><metstdv Sync="TRUE">FGDC-STD-001-1998</metstdv><mettc Sync="TRUE">local time</mettc><metc><cntinfo><cntorgp><cntper>REQUIRED: The person responsible for the metadata information.</cntper><cntorg>REQUIRED: The organization responsible for the metadata information.</cntorg></cntorgp><cntaddr><addrtype>REQUIRED: The mailing and/or physical address for the organization or individual.</addrtype><city>REQUIRED: The city of the address.</city><state>REQUIRED: The state or province of the address.</state><postal>REQUIRED: The ZIP or other postal code of the address.</postal></cntaddr><cntvoice>REQUIRED: The telephone number by which individuals can speak to the organization or individual.</cntvoice></cntinfo></metc><metd Sync="TRUE">20110225</metd><metextns><onlink Sync="TRUE">http://www.esri.com/metadata/esriprof80.html</onlink><metprof Sync="TRUE">ESRI Metadata Profile</metprof></metextns></metainfo><mdLang><languageCode Sync="TRUE" value="en"></languageCode></mdLang><mdStanName Sync="TRUE">ISO 19115 Geographic Information - Metadata</mdStanName><mdStanVer Sync="TRUE">DIS_ESRI1.0</mdStanVer><mdChar><CharSetCd Sync="TRUE" value="004"></CharSetCd></mdChar><mdHrLv><ScopeCd Sync="TRUE" value="005"></ScopeCd></mdHrLv><mdHrLvName Sync="TRUE">dataset</mdHrLvName><GEMINI_Metadata><IdentificationInfo><spatialRepresentationType codeList="001"></spatialRepresentationType></IdentificationInfo><dateStamp>20110225</dateStamp><metadataStandardName>UK GEMINI Standard</metadataStandardName><metadataStandardVersion>1.0</metadataStandardVersion></GEMINI_Metadata><distinfo><resdesc Sync="TRUE">Downloadable Data</resdesc><stdorder><digform><digtinfo><transize Sync="TRUE">0.000</transize><dssize Sync="TRUE">0.000</dssize></digtinfo></digform></stdorder></distinfo><distInfo><distributor><distorTran><onLineSrc><orDesc Sync="TRUE">002</orDesc><linkage Sync="TRUE">file://</linkage><protocol Sync="TRUE">Local Area Network</protocol></onLineSrc><transSize Sync="TRUE">0.000</transSize></distorTran><distorFormat><formatName Sync="TRUE">Shapefile</formatName></distorFormat></distributor></distInfo><spdoinfo><direct Sync="TRUE">Vector</direct><ptvctinf><esriterm Name="NationalParks_polygon_Spatia"><efeatyp Sync="TRUE">Simple</efeatyp><efeageom Sync="TRUE">Polygon</efeageom><esritopo Sync="TRUE">FALSE</esritopo><efeacnt Sync="TRUE">0</efeacnt><spindex Sync="TRUE">FALSE</spindex><linrefer Sync="TRUE">FALSE</linrefer></esriterm><sdtsterm Name="NationalParks_polygon_Spatia"><sdtstype Sync="TRUE">G-polygon</sdtstype><ptvctcnt Sync="TRUE">0</ptvctcnt></sdtsterm></ptvctinf></spdoinfo><spatRepInfo><VectSpatRep><topLvl><TopoLevCd Sync="TRUE" value="001"></TopoLevCd></topLvl><geometObjs Name="NationalParks_polygon_Spatia"><geoObjTyp><GeoObjTypCd Sync="TRUE" value="001"></GeoObjTypCd></geoObjTyp><geoObjCnt Sync="TRUE">0</geoObjCnt></geometObjs></VectSpatRep></spatRepInfo><eainfo><detailed Name="NationalParks_polygon_Spatia"><enttyp><enttypl Sync="TRUE">NationalParks_polygon_Spatia</enttypl><enttypt Sync="TRUE">Feature Class</enttypt><enttypc Sync="TRUE">0</enttypc></enttyp><attr><attrlabl Sync="TRUE">FID</attrlabl><attalias Sync="TRUE">FID</attalias><attrtype Sync="TRUE">OID</attrtype><attwidth Sync="TRUE">4</attwidth><atprecis Sync="TRUE">0</atprecis><attscale Sync="TRUE">0</attscale><attrdef Sync="TRUE">Internal feature number.</attrdef><attrdefs Sync="TRUE">ESRI</attrdefs><attrdomv><udom Sync="TRUE">Sequential unique whole numbers that are automatically generated.</udom></attrdomv></attr><attr><attrlabl Sync="TRUE">Shape</attrlabl><attalias Sync="TRUE">Shape</attalias><attrtype Sync="TRUE">Geometry</attrtype><attwidth Sync="TRUE">0</attwidth><atprecis Sync="TRUE">0</atprecis><attscale Sync="TRUE">0</attscale><attrdef Sync="TRUE">Feature geometry.</attrdef><attrdefs Sync="TRUE">ESRI</attrdefs><attrdomv><udom Sync="TRUE">Coordinates defining the features.</udom></attrdomv></attr><attr><attrlabl Sync="TRUE">Join_Count</attrlabl><attalias Sync="TRUE">Join_Count</attalias><attrtype Sync="TRUE">Number</attrtype><attwidth Sync="TRUE">9</attwidth></attr><attr><attrlabl Sync="TRUE">Id</attrlabl><attalias Sync="TRUE">Id</attalias><attrtype Sync="TRUE">Number</attrtype><attwidth Sync="TRUE">6</attwidth></attr><attr><attrlabl Sync="TRUE">CODE</attrlabl><attalias Sync="TRUE">CODE</attalias><attrtype Sync="TRUE">Number</attrtype><attwidth Sync="TRUE">6</attwidth></attr><attr><attrlabl Sync="TRUE">LEGEND</attrlabl><attalias Sync="TRUE">LEGEND</attalias><attrtype Sync="TRUE">String</attrtype><attwidth Sync="TRUE">42</attwidth></attr><attr><attrlabl Sync="TRUE">FILE_NAME</attrlabl><attalias Sync="TRUE">FILE_NAME</attalias><attrtype Sync="TRUE">String</attrtype><attwidth Sync="TRUE">16</attwidth></attr><attr><attrlabl Sync="TRUE">NUMBER</attrlabl><attalias Sync="TRUE">NUMBER</attalias><attrtype Sync="TRUE">Number</attrtype><attwidth Sync="TRUE">11</attwidth></attr><attr><attrlabl Sync="TRUE">NAME</attrlabl><attalias Sync="TRUE">NAME</attalias><attrtype Sync="TRUE">String</attrtype><attwidth Sync="TRUE">180</attwidth></attr><attr><attrlabl Sync="TRUE">NUMBER0</attrlabl><attalias Sync="TRUE">NUMBER0</attalias><attrtype Sync="TRUE">String</attrtype><attwidth Sync="TRUE">64</attwidth></attr><attr><attrlabl Sync="TRUE">ADMIN_NAME</attrlabl><attalias Sync="TRUE">ADMIN_NAME</attalias><attrtype Sync="TRUE">String</attrtype><attwidth Sync="TRUE">50</attwidth></attr><attr><attrlabl Sync="TRUE">TYPE</attrlabl><attalias Sync="TRUE">TYPE</attalias><attrtype Sync="TRUE">String</attrtype><attwidth Sync="TRUE">40</attwidth></attr><attr><attrlabl Sync="TRUE">FERRY_FROM</attrlabl><attalias Sync="TRUE">FERRY_FROM</attalias><attrtype Sync="TRUE">String</attrtype><attwidth Sync="TRUE">50</attwidth></attr><attr><attrlabl Sync="TRUE">FERRY_TO</attrlabl><attalias Sync="TRUE">FERRY_TO</attalias><attrtype Sync="TRUE">String</attrtype><attwidth Sync="TRUE">50</attwidth></attr><attr><attrlabl Sync="TRUE">FERRY_TIME</attrlabl><attalias Sync="TRUE">FERRY_TIME</attalias><attrtype Sync="TRUE">String</attrtype><attwidth Sync="TRUE">10</attwidth></attr><attr><attrlabl Sync="TRUE">FERRY_TYPE</attrlabl><attalias Sync="TRUE">FERRY_TYPE</attalias><attrtype Sync="TRUE">String</attrtype><attwidth Sync="TRUE">20</attwidth></attr><attr><attrlabl Sync="TRUE">RESTRICTIO</attrlabl><attalias Sync="TRUE">RESTRICTIO</attalias><attrtype Sync="TRUE">String</attrtype><attwidth Sync="TRUE">20</attwidth></attr><attr><attrlabl Sync="TRUE">ACCESS</attrlabl><attalias Sync="TRUE">ACCESS</attalias><attrtype Sync="TRUE">String</attrtype><attwidth Sync="TRUE">30</attwidth></attr><attr><attrlabl Sync="TRUE">AMENDED</attrlabl><attalias Sync="TRUE">AMENDED</attalias><attrtype Sync="TRUE">Date</attrtype><attwidth Sync="TRUE">8</attwidth></attr><attr><attrlabl Sync="TRUE">USAGE</attrlabl><attalias Sync="TRUE">USAGE</attalias><attrtype Sync="TRUE">String</attrtype><attwidth Sync="TRUE">64</attwidth></attr><attr><attrlabl Sync="TRUE">LOCATION</attrlabl><attalias Sync="TRUE">LOCATION</attalias><attrtype Sync="TRUE">String</attrtype><attwidth Sync="TRUE">30</attwidth></attr><attr><attrlabl Sync="TRUE">GIS</attrlabl><attalias Sync="TRUE">GIS</attalias><attrtype Sync="TRUE">String</attrtype><attwidth Sync="TRUE">80</attwidth></attr><attr><attrlabl Sync="TRUE">OWNER</attrlabl><attalias Sync="TRUE">OWNER</attalias><attrtype Sync="TRUE">String</attrtype><attwidth Sync="TRUE">60</attwidth></attr><attr><attrlabl Sync="TRUE">NORTH</attrlabl><attalias Sync="TRUE">NORTH</attalias><attrtype Sync="TRUE">String</attrtype><attwidth Sync="TRUE">60</attwidth></attr><attr><attrlabl Sync="TRUE">SOUTH</attrlabl><attalias Sync="TRUE">SOUTH</attalias><attrtype Sync="TRUE">String</attrtype><attwidth Sync="TRUE">60</attwidth></attr><attr><attrlabl Sync="TRUE">EAST</attrlabl><attalias Sync="TRUE">EAST</attalias><attrtype Sync="TRUE">String</attrtype><attwidth Sync="TRUE">60</attwidth></attr><attr><attrlabl Sync="TRUE">WEST</attrlabl><attalias Sync="TRUE">WEST</attalias><attrtype Sync="TRUE">String</attrtype><attwidth Sync="TRUE">60</attwidth></attr><attr><attrlabl Sync="TRUE">CLOCKWISE</attrlabl><attalias Sync="TRUE">CLOCKWISE</attalias><attrtype Sync="TRUE">String</attrtype><attwidth Sync="TRUE">60</attwidth></attr><attr><attrlabl Sync="TRUE">ANTICLOCKW</attrlabl><attalias Sync="TRUE">ANTICLOCKW</attalias><attrtype Sync="TRUE">String</attrtype><attwidth Sync="TRUE">60</attwidth></attr><attr><attrlabl Sync="TRUE">IMPERIAL</attrlabl><attalias Sync="TRUE">IMPERIAL</attalias><attrtype Sync="TRUE">Number</attrtype><attwidth Sync="TRUE">6</attwidth></attr><attr><attrlabl Sync="TRUE">METRIC</attrlabl><attalias Sync="TRUE">METRIC</attalias><attrtype Sync="TRUE">Number</attrtype><attwidth Sync="TRUE">6</attwidth></attr></detailed></eainfo><mdDateSt Sync="TRUE">20110225</mdDateSt><dataqual><lineage><procstep><procdesc Sync="TRUE">Dataset copied.</procdesc><srcused Sync="TRUE"></srcused><procdate Sync="TRUE">20110228</procdate><proctime Sync="TRUE">14430000</proctime></procstep></lineage></dataqual></metadata>
